MolForm,C,H,N,O,P,S,Z
C3H3O2S,3,3,0,2,0,1,0
C5H4NO2,5,4,1,2,0,0,0
C5H8NO2,5,8,1,2,0,0,0
C7H5O2,7,5,0,2,0,0,0
C6H2NOS,6,2,1,1,0,1,0
C6H6N3O,6,6,3,1,0,0,0
C5NO2S,5,0,1,2,0,1,0
C6H4NOS,6,4,1,1,0,1,0
C8H12NO,8,12,1,1,0,0,0
C9H17O,9,17,0,1,0,0,0
C6H7O4,6,7,0,4,0,0,0
C7HN2O2,7,1,2,2,0,0,0
C6H9O4,6,9,0,4,0,0,0
C6HN2O3,6,1,2,3,0,0,0
C3H5N2O3S,3,5,2,3,0,1,0
C8H5O3,8,5,0,3,0,0,0
C5H9O3S,5,9,0,3,0,1,0
C9H9O2,9,9,0,2,0,0,0
C4H8NO3S,4,8,1,3,0,1,0
C7H5O2S,7,5,0,2,0,1,0
C7H11N2O2,7,11,2,2,0,0,0
C7H13N2O2,7,13,2,2,0,0,0
C5H8N3OS,5,8,3,1,0,1,0
C6H9O5,6,9,0,5,0,0,0
C9H9N2O,9,9,2,1,0,0,0
C6H11O3S,6,11,0,3,0,1,0
C8H5O4,8,5,0,4,0,0,0
C10H13O2,10,13,0,2,0,0,0
C10H16NO,10,16,1,1,0,0,0
C8H11O4,8,11,0,4,0,0,0
C8HN2O3,8,1,2,3,0,0,0
C8H13O4,8,13,0,4,0,0,0
C7H11O5,7,11,0,5,0,0,0
C9H7O4,9,7,0,4,0,0,0
C10H11O3,10,11,0,3,0,0,0
C8H5O5,8,5,0,5,0,0,0
C10H4N3O,10,4,3,1,0,0,0
C8H8NO4,8,8,1,4,0,0,0
C6H3N2O3S,6,3,2,3,0,1,0
C9H11O4,9,11,0,4,0,0,0
C9H13O4,9,13,0,4,0,0,0
C8H11O5,8,11,0,5,0,0,0
C9H15O4,9,15,0,4,0,0,0
C8HN2O2S,8,1,2,2,0,1,0
C8H13O5,8,13,0,5,0,0,0
C10H8NO3,10,8,1,3,0,0,0
C8H15O3S,8,15,0,3,0,1,0
C14H9O,14,9,0,1,0,0,0
C10H13O4,10,13,0,4,0,0,0
C6H4N3O5,6,4,3,5,0,0,0
C8H12N3OS,8,12,3,1,0,1,0
C8H7O4S,8,7,0,4,0,1,0
C9H11O5,9,11,0,5,0,0,0
C7H10N3O4,7,10,3,4,0,0,0
C9H13O5,9,13,0,5,0,0,0
C8H11O6,8,11,0,6,0,0,0
C9H15O5,9,15,0,5,0,0,0
C6H5O6S,6,5,0,6,0,1,0
C8H13O6,8,13,0,6,0,0,0
C10H7O3S,10,7,0,3,0,1,0
C11H13O4,11,13,0,4,0,0,0
C10H12NO4,10,12,1,4,0,0,0
C10H11O5,10,11,0,5,0,0,0
C8H6NO4S,8,6,1,4,0,1,0
C10H13O5,10,13,0,5,0,0,0
C11H17O4,11,17,0,4,0,0,0
C9H11O6,9,11,0,6,0,0,0
C10H15O5,10,15,0,5,0,0,0
C9H13O6,9,13,0,6,0,0,0
C10H17O5,10,17,0,5,0,0,0
C12H11O4,12,11,0,4,0,0,0
C9H15O6,9,15,0,6,0,0,0
C11H11O5,11,11,0,5,0,0,0
C10H16N3OS,10,16,3,1,0,1,0
C10H13O6,10,13,0,6,0,0,0
C11H17O5,11,17,0,5,0,0,0
C11H7N2O4,11,7,2,4,0,0,0
C10H15O6,10,15,0,6,0,0,0
C11H19O5,11,19,0,5,0,0,0
C14H18NO2,14,18,1,2,0,0,0
C9H13O7,9,13,0,7,0,0,0
C17H13O,17,13,0,1,0,0,0
C10H17O6,10,17,0,6,0,0,0
C14H17O3,14,17,0,3,0,0,0
C12H11O5,12,11,0,5,0,0,0
C13H15O4,13,15,0,4,0,0,0
C9H18NO4S,9,18,1,4,0,1,0
C11H9O6,11,9,0,6,0,0,0
C12H13O5,12,13,0,5,0,0,0
C13H17O4,13,17,0,4,0,0,0
C11H11O6,11,11,0,6,0,0,0
C12H15O5,12,15,0,5,0,0,0
C16H15O2,16,15,0,2,0,0,0
C13H19O4,13,19,0,4,0,0,0
C15H27O2,15,27,0,2,0,0,0
C10H9O7,10,9,0,7,0,0,0
C14H9O4,14,9,0,4,0,0,0
C15H13O3,15,13,0,3,0,0,0
C12H17O5,12,17,0,5,0,0,0
C15H29O2,15,29,0,2,0,0,0
C13H24NO3,13,24,1,3,0,0,0
C10H11O5S,10,11,0,5,0,1,0
C11H15O4S,11,15,0,4,0,1,0
C11H15O6,11,15,0,6,0,0,0
C12H19O5,12,19,0,5,0,0,0
C13H23O4,13,23,0,4,0,0,0
C14H14NO3,14,14,1,3,0,0,0
C10H13O5S,10,13,0,5,0,1,0
C10H13O7,10,13,0,7,0,0,0
C11H17O6,11,17,0,6,0,0,0
C10H15O7,10,15,0,7,0,0,0
C13H15N2O3,13,15,2,3,0,0,0
C11H19O6,11,19,0,6,0,0,0
C13H13O5,13,13,0,5,0,0,0
C14H17O4,14,17,0,4,0,0,0
C12H12NO5,12,12,1,5,0,0,0
C7H11N2O8,7,11,2,8,0,0,0
C12H11O6,12,11,0,6,0,0,0
C13H15O5,13,15,0,5,0,0,0
C12H15N2O4,12,15,2,4,0,0,0
C10H19O7,10,19,0,7,0,0,0
C14H19O4,14,19,0,4,0,0,0
C13H2NO3S,13,2,1,3,0,1,0
C11H9O7,11,9,0,7,0,0,0
C16H13OS,16,13,0,1,0,1,0
C12H13O6,12,13,0,6,0,0,0
C13H17O5,13,17,0,5,0,0,0
C14H21O4,14,21,0,4,0,0,0
C16H29O2,16,29,0,2,0,0,0
C11H11O5S,11,11,0,5,0,1,0
C11H11O7,11,11,0,7,0,0,0
C12H15O6,12,15,0,6,0,0,0
C13H19O5,13,19,0,5,0,0,0
C17H19O2,17,19,0,2,0,0,0
C16H31O2,16,31,0,2,0,0,0
C14H26NO3,14,26,1,3,0,0,0
C11H13O5S,11,13,0,5,0,1,0
C12H17O6,12,17,0,6,0,0,0
C14H25O4,14,25,0,4,0,0,0
C14H11O5,14,11,0,5,0,0,0
C12H19O6,12,19,0,6,0,0,0
C13H14N3O3,13,14,3,3,0,0,0
C17H9OS,17,9,0,1,0,1,0
C11H17O7,11,17,0,7,0,0,0
C12H21O6,12,21,0,6,0,0,0
C20H7O,20,7,0,1,0,0,0
C14H15O5,14,15,0,5,0,0,0
C11H19O7,11,19,0,7,0,0,0
C13H13O6,13,13,0,6,0,0,0
C14H17O5,14,17,0,5,0,0,0
C11H21O5S,11,21,0,5,0,1,0
C12H25O4S,12,25,0,4,0,1,0
C12H11O7,12,11,0,7,0,0,0
C13H15O6,13,15,0,6,0,0,0
C14H19O5,14,19,0,5,0,0,0
C12H13O7,12,13,0,7,0,0,0
C13H17O6,13,17,0,6,0,0,0
C14H21O5,14,21,0,5,0,0,0
C17H33O2,17,33,0,2,0,0,0
C12H15O5S,12,15,0,5,0,1,0
C13H19O4S,13,19,0,4,0,1,0
C13H19O6,13,19,0,6,0,0,0
C14H23O5,14,23,0,5,0,0,0
C18H9OS,18,9,0,1,0,1,0
C13H21O6,13,21,0,6,0,0,0
C8H3O9S,8,3,0,9,0,1,0
C15H3N2O2S,15,3,2,2,0,1,0
C14H15N2O4,14,15,2,4,0,0,0
C12H19O7,12,19,0,7,0,0,0
C16H19O4,16,19,0,4,0,0,0
C14H27O3S,14,27,0,3,0,1,0
C16H22NO3,16,22,1,3,0,0,0
C11H17O8,11,17,0,8,0,0,0
C15H17O5,15,17,0,5,0,0,0
C12H21O7,12,21,0,7,0,0,0
C14H29O3S,14,29,0,3,0,1,0
C14H15O6,14,15,0,6,0,0,0
C15H19O5,15,19,0,5,0,0,0
C19H19O2,19,19,0,2,0,0,0
C18H31O2,18,31,0,2,0,0,0
C13H13O7,13,13,0,7,0,0,0
C14H17O6,14,17,0,6,0,0,0
C18H33O2,18,33,0,2,0,0,0
C13H15O5S,13,15,0,5,0,1,0
C13H15O7,13,15,0,7,0,0,0
C17H15O4,17,15,0,4,0,0,0
C14H19O6,14,19,0,6,0,0,0
C15H23O3S,15,23,0,3,0,1,0
C15H23O5,15,23,0,5,0,0,0
C20H27O,20,27,0,1,0,0,0
C18H35O2,18,35,0,2,0,0,0
C13H17O5S,13,17,0,5,0,1,0
C13H17O7,13,17,0,7,0,0,0
C14H21O4S,14,21,0,4,0,1,0
C14H21O6,14,21,0,6,0,0,0
C19H12NO2,19,12,1,2,0,0,0
C13H19O7,13,19,0,7,0,0,0
C14H23O6,14,23,0,6,0,0,0
C17H23N2O2,17,23,2,2,0,0,0
C10H10NO9,10,10,1,9,0,0,0
C12H17O8,12,17,0,8,0,0,0
C16H17O5,16,17,0,5,0,0,0
C13H21O7,13,21,0,7,0,0,0
C14H25O6,14,25,0,6,0,0,0
C14H12NO6,14,12,1,6,0,0,0
C17H24NO3,17,24,1,3,0,0,0
C15H15O6,15,15,0,6,0,0,0
C12H19O8,12,19,0,8,0,0,0
C16H19O5,16,19,0,5,0,0,0
C13H23O7,13,23,0,7,0,0,0
C16H23N2O3,16,23,2,3,0,0,0
C15H31O3S,15,31,0,3,0,1,0
C15H17O6,15,17,0,6,0,0,0
C12H21O8,12,21,0,8,0,0,0
C17H25O4,17,25,0,4,0,0,0
C14H29O4S,14,29,0,4,0,1,0
C10H16NO9,10,16,1,9,0,0,0
C14H15O7,14,15,0,7,0,0,0
C15H19O6,15,19,0,6,0,0,0
C16H23O3S,16,23,0,3,0,1,0
C14H18NO4S,14,18,1,4,0,1,0
C16H26NO2S,16,26,1,2,0,1,0
C13H13O8,13,13,0,8,0,0,0
C14H17O5S,14,17,0,5,0,1,0
C14H17O7,14,17,0,7,0,0,0
C15H21O6,15,21,0,6,0,0,0
C16H25O3S,16,25,0,3,0,1,0
C14H19O5S,14,19,0,5,0,1,0
C14H19O7,14,19,0,7,0,0,0
C13H17O8,13,17,0,8,0,0,0
C17H17O5,17,17,0,5,0,0,0
C14H21O7,14,21,0,7,0,0,0
C15H25O6,15,25,0,6,0,0,0
C16H29O5,16,29,0,5,0,0,0
C13H19O8,13,19,0,8,0,0,0
C17H19O5,17,19,0,5,0,0,0
C14H23O7,14,23,0,7,0,0,0
C18H23O4,18,23,0,4,0,0,0
C17H23N2O3,17,23,2,3,0,0,0
C16H31O3S,16,31,0,3,0,1,0
C12H17O9,12,17,0,9,0,0,0
C16H17O6,16,17,0,6,0,0,0
C13H21O8,13,21,0,8,0,0,0
C17H25N2O3,17,25,2,3,0,0,0
C16H33O3S,16,33,0,3,0,1,0
C19H33N2O,19,33,2,1,0,0,0
C15H15O7,15,15,0,7,0,0,0
C16H19O6,16,19,0,6,0,0,0
C14H27O5S,14,27,0,5,0,1,0
C16H23N2O4,16,23,2,4,0,0,0
C15H31O4S,15,31,0,4,0,1,0
C14H13O8,14,13,0,8,0,0,0
C15H17O7,15,17,0,7,0,0,0
C12H21O7S,12,21,0,7,0,1,0
C16H21O6,16,21,0,6,0,0,0
C17H25O3S,17,25,0,3,0,1,0
C17H25O5,17,25,0,5,0,0,0
C14H29O5S,14,29,0,5,0,1,0
C14H15O8,14,15,0,8,0,0,0
C18H15O5,18,15,0,5,0,0,0
C15H19O7,15,19,0,7,0,0,0
C19H19O4,19,19,0,4,0,0,0
C16H23O4S,16,23,0,4,0,1,0
C17H27O3S,17,27,0,3,0,1,0
C17H27O5,17,27,0,5,0,0,0
C10H17O11,10,17,0,11,0,0,0
C18H17O3S,18,17,0,3,0,1,0
C14H17O8,14,17,0,8,0,0,0
C15H21O5S,15,21,0,5,0,1,0
C15H21O7,15,21,0,7,0,0,0
C16H25O4S,16,25,0,4,0,1,0
C14H19O8,14,19,0,8,0,0,0
C15H23O7,15,23,0,7,0,0,0
C18H23N2O3,18,23,2,3,0,0,0
C17H17O6,17,17,0,6,0,0,0
C14H21O8,14,21,0,8,0,0,0
C18H25N2O3,18,25,2,3,0,0,0
C17H19O6,17,19,0,6,0,0,0
C14H23O8,14,23,0,8,0,0,0
C17H23N2O4,17,23,2,4,0,0,0
C15H30NO4S,15,30,1,4,0,1,0
C18H25O5,18,25,0,5,0,0,0
C15H29O5S,15,29,0,5,0,1,0
C17H25N2O4,17,25,2,4,0,0,0
C16H33O4S,16,33,0,4,0,1,0
C17H24NO5,17,24,1,5,0,0,0
C15H15O8,15,15,0,8,0,0,0
C16H19O7,16,19,0,7,0,0,0
C20H19O4,20,19,0,4,0,0,0
C16H23N2O5,16,23,2,5,0,0,0
C18H27O3S,18,27,0,3,0,1,0
C15H17O8,15,17,0,8,0,0,0
C16H21O7,16,21,0,7,0,0,0
C17H25O4S,17,25,0,4,0,1,0
C18H29O3S,18,29,0,3,0,1,0
C15H19O8,15,19,0,8,0,0,0
C16H23O5S,16,23,0,5,0,1,0
C16H23O7,16,23,0,7,0,0,0
C17H27O4S,17,27,0,4,0,1,0
C21H27OS,21,27,0,1,0,1,0
C17H30NO5,17,30,1,5,0,0,0
C10H17O10S,10,17,0,10,0,1,0
C21H13O2S,21,13,0,2,0,1,0
C18H17O4S,18,17,0,4,0,1,0
C15H21O8,15,21,0,8,0,0,0
C20H25O4,20,25,0,4,0,0,0
C18H33O5,18,33,0,5,0,0,0
C17H15O7,17,15,0,7,0,0,0
C18H19O6,18,19,0,6,0,0,0
C15H23O8,15,23,0,8,0,0,0
C18H23N2O4,18,23,2,4,0,0,0
C16H27O7,16,27,0,7,0,0,0
C9H6N3O9S,9,6,3,9,0,1,0
C17H6N3O3S,17,6,3,3,0,1,0
C13H6N3O8,13,6,3,8,0,0,0
C17H6N3O5,17,6,3,5,0,0,0
C22H6NO3,22,6,1,3,0,0,0
C10H10N3O10,10,10,3,10,0,0,0
C12H14NO8S,12,14,1,8,0,1,0
C19H10NO5,19,10,1,5,0,0,0
C18H10N3O4,18,10,3,4,0,0,0
C20H14NO2S,20,14,1,2,0,1,0
C16H14NO7,16,14,1,7,0,0,0
C13H18NO7S,13,18,1,7,0,1,0
C19H14N3OS,19,14,3,1,0,1,0
C13H18NO9,13,18,1,9,0,0,0
C20H13O3S,20,13,0,3,0,1,0
C14H21O9,14,21,0,9,0,0,0
C15H25O8,15,25,0,8,0,0,0
C19H25O5,19,25,0,5,0,0,0
C18H25N2O4,18,25,2,4,0,0,0
C18H24NO5,18,24,1,5,0,0,0
C17H19O7,17,19,0,7,0,0,0
C18H23O6,18,23,0,6,0,0,0
C17H23N2O5,17,23,2,5,0,0,0
C18H27N2O4,18,27,2,4,0,0,0
C16H17O8,16,17,0,8,0,0,0
C17H21O7,17,21,0,7,0,0,0
C21H21O4,21,21,0,4,0,0,0
C17H25N2O5,17,25,2,5,0,0,0
C19H29O3S,19,29,0,3,0,1,0
C16H33O5S,16,33,0,5,0,1,0
C15H15O9,15,15,0,9,0,0,0
C18H15N2O5,18,15,2,5,0,0,0
C20H19O3S,20,19,0,3,0,1,0
C16H19O8,16,19,0,8,0,0,0
C20H19O5,20,19,0,5,0,0,0
C17H23O7,17,23,0,7,0,0,0
C21H23O4,21,23,0,4,0,0,0
C18H27O4S,18,27,0,4,0,1,0
C19H31O3S,19,31,0,3,0,1,0
C13H26NO7S,13,26,1,7,0,1,0
C15H17O9,15,17,0,9,0,0,0
C19H17O6,19,17,0,6,0,0,0
C16H21O8,16,21,0,8,0,0,0
C17H25O5S,17,25,0,5,0,1,0
C17H25O7,17,25,0,7,0,0,0
C14H29O7S,14,29,0,7,0,1,0
C18H29O4S,18,29,0,4,0,1,0
C13H12NO10,13,12,1,10,0,0,0
C16H23O8,16,23,0,8,0,0,0
C13H27O8S,13,27,0,8,0,1,0
C18H31O6,18,31,0,6,0,0,0
C19H26N3O3,19,26,3,3,0,0,0
C22H5N2OS,22,5,2,1,0,1,0
C22H17O2S,22,17,0,2,0,1,0
C16H25O8,16,25,0,8,0,0,0
C20H16N3OS,20,16,3,1,0,1,0
C23H24NO2,23,24,1,2,0,0,0
C18H19O7,18,19,0,7,0,0,0
C15H23O9,15,23,0,9,0,0,0
C19H23O6,19,23,0,6,0,0,0
C18H23N2O5,18,23,2,5,0,0,0
C12H13O10S,12,13,0,10,0,1,0
C23H9O2S,23,9,0,2,0,1,0
C17H17O8,17,17,0,8,0,0,0
C18H21O7,18,21,0,7,0,0,0
C19H25O6,19,25,0,6,0,0,0
C18H25N2O5,18,25,2,5,0,0,0
C23H25O3,23,25,0,3,0,0,0
C18H24NO6,18,24,1,6,0,0,0
C17H19O8,17,19,0,8,0,0,0
C15H27O7S,15,27,0,7,0,1,0
C22H23O4,22,23,0,4,0,0,0
C18H27N2O5,18,27,2,5,0,0,0
C21H26N3O2,21,26,3,2,0,0,0
C16H17O9,16,17,0,9,0,0,0
C17H21O8,17,21,0,8,0,0,0
C14H25O10,14,25,0,10,0,0,0
C18H25O7,18,25,0,7,0,0,0
C15H29O7S,15,29,0,7,0,1,0
C19H29O4S,19,29,0,4,0,1,0
C16H33O6S,16,33,0,6,0,1,0
C20H33O3S,20,33,0,3,0,1,0
C20H7N2O3S,20,7,2,3,0,1,0
C16H19O7S,16,19,0,7,0,1,0
C16H19O9,16,19,0,9,0,0,0
C17H23O8,17,23,0,8,0,0,0
C18H27O5S,18,27,0,5,0,1,0
C14H27O10,14,27,0,10,0,0,0
C19H31O4S,19,31,0,4,0,1,0
C16H21O9,16,21,0,9,0,0,0
C14H29O8S,14,29,0,8,0,1,0
C18H29O5S,18,29,0,5,0,1,0
C13H15N2O10,13,15,2,10,0,0,0
C22H15O3S,22,15,0,3,0,1,0
C16H23O9,16,23,0,9,0,0,0
C17H27O8,17,27,0,8,0,0,0
C18H31O7,18,31,0,7,0,0,0
C16H25O9,16,25,0,9,0,0,0
C20H25O6,20,25,0,6,0,0,0
C19H25N2O5,19,25,2,5,0,0,0
C23H8NO4,23,8,1,4,0,0,0
C26H20NO,26,20,1,1,0,0,0
C19H24NO6,19,24,1,6,0,0,0
C24H28NO2,24,28,1,2,0,0,0
C18H19O8,18,19,0,8,0,0,0
C19H27N2O5,19,27,2,5,0,0,0
C17H31O8,17,31,0,8,0,0,0
C24H30NO2,24,30,1,2,0,0,0
C18H21O8,18,21,0,8,0,0,0
C18H25N2O6,18,25,2,6,0,0,0
C16H29O9,16,29,0,9,0,0,0
C11H16N3O9S,11,16,3,9,0,1,0
C18H24NO5S,18,24,1,5,0,1,0
C18H24NO7,18,24,1,7,0,0,0
C17H19O9,17,19,0,9,0,0,0
C20H19N2O5,20,19,2,5,0,0,0
C22H23O3S,22,23,0,3,0,1,0
C19H27O7,19,27,0,7,0,0,0
C18H27N2O6,18,27,2,6,0,0,0
C21H35O3S,21,35,0,3,0,1,0
C17H26N3O6,17,26,3,6,0,0,0
C16H5N2O9,16,5,2,9,0,0,0
C16H17O10,16,17,0,10,0,0,0
C17H21O9,17,21,0,9,0,0,0
C18H25O8,18,25,0,8,0,0,0
C15H29O8S,15,29,0,8,0,1,0
C14H29N2O7S,14,29,2,7,0,1,0
C19H29O5S,19,29,0,5,0,1,0
C19H29O7,19,29,0,7,0,0,0
C17H24NO8,17,24,1,8,0,0,0
C16H24N3O7,16,24,3,7,0,0,0
C23H15O3S,23,15,0,3,0,1,0
C19H15O8,19,15,0,8,0,0,0
C16H19O10,16,19,0,10,0,0,0
C20H19O7,20,19,0,7,0,0,0
C17H23O9,17,23,0,9,0,0,0
C21H23O6,21,23,0,6,0,0,0
C18H27O8,18,27,0,8,0,0,0
C19H31O5S,19,31,0,5,0,1,0
C23H47OS,23,47,0,1,0,1,0
C26H13OS,26,13,0,1,0,1,0
C16H21O10,16,21,0,10,0,0,0
C14H29O9S,14,29,0,9,0,1,0
C21H25O6,21,25,0,6,0,0,0
C18H29O8,18,29,0,8,0,0,0
C21H32N3OS,21,32,3,1,0,1,0
C25H11O4,25,11,0,4,0,0,0
C18H15O9,18,15,0,9,0,0,0
C16H23O10,16,23,0,10,0,0,0
C20H23O7,20,23,0,7,0,0,0
C17H27O9,17,27,0,9,0,0,0
C21H27O6,21,27,0,6,0,0,0
C18H31O8,18,31,0,8,0,0,0
C21H14NO4S,21,14,1,4,0,1,0
C20H26NO6,20,26,1,6,0,0,0
C25H13O4,25,13,0,4,0,0,0
C19H21O8,19,21,0,8,0,0,0
C16H25O10,16,25,0,10,0,0,0
C20H25O7,20,25,0,7,0,0,0
C17H29O9,17,29,0,9,0,0,0
C18H33O6S,18,33,0,6,0,1,0
C24H12NO4,24,12,1,4,0,0,0
C22H24N3OS,22,24,3,1,0,1,0
C18H24N3O6,18,24,3,6,0,0,0
C23H24NO4,23,24,1,4,0,0,0
C24H28NO3,24,28,1,3,0,0,0
C18H19O9,18,19,0,9,0,0,0
C19H23O8,19,23,0,8,0,0,0
C16H27O10,16,27,0,10,0,0,0
C20H27O7,20,27,0,7,0,0,0
C19H27N2O6,19,27,2,6,0,0,0
C18H35O6S,18,35,0,6,0,1,0
C17H35N2O7,17,35,2,7,0,0,0
C17H18NO9,17,18,1,9,0,0,0
C18H26N3O6,18,26,3,6,0,0,0
C24H30NO3,24,30,1,3,0,0,0
C25H17O2S,25,17,0,2,0,1,0
C18H21O9,18,21,0,9,0,0,0
C24H17N2O3,24,17,2,3,0,0,0
C26H21OS,26,21,0,1,0,1,0
C19H25O8,19,25,0,8,0,0,0
C18H25N2O7,18,25,2,7,0,0,0
C20H29O7,20,29,0,7,0,0,0
C19H29N2O6,19,29,2,6,0,0,0
C18H37O6S,18,37,0,6,0,1,0
C17H4NO10,17,4,1,10,0,0,0
C17H19O10,17,19,0,10,0,0,0
C22H23O4S,22,23,0,4,0,1,0
C18H23O9,18,23,0,9,0,0,0
C19H27O8,19,27,0,8,0,0,0
C18H27N2O7,18,27,2,7,0,0,0
C13H9N2O12,13,9,2,12,0,0,0
C19H13O9,19,13,0,9,0,0,0
C20H17O8,20,17,0,8,0,0,0
C17H21O10,17,21,0,10,0,0,0
C18H25O9,18,25,0,9,0,0,0
C15H29O9S,15,29,0,9,0,1,0
C19H29O8,19,29,0,8,0,0,0
C19H15O9,19,15,0,9,0,0,0
C24H19O3S,24,19,0,3,0,1,0
C17H23O8S,17,23,0,8,0,1,0
C17H23O10,17,23,0,10,0,0,0
C14H27O12,14,27,0,12,0,0,0
C18H27O9,18,27,0,9,0,0,0
C19H31O8,19,31,0,8,0,0,0
C20H35O5S,20,35,0,5,0,1,0
C22H31N2O4,22,31,2,4,0,0,0
C11H22N3O10S,11,22,3,10,0,1,0
C21H46N3O3,21,46,3,3,0,0,0
C23H17O4S,23,17,0,4,0,1,0
C20H21O8,20,21,0,8,0,0,0
C21H25O7,21,25,0,7,0,0,0
C18H29O9,18,29,0,9,0,0,0
C20H23O8,20,23,0,8,0,0,0
C17H27O10,17,27,0,10,0,0,0
C21H27O7,21,27,0,7,0,0,0
C24H26NO4,24,26,1,4,0,0,0
C18H17O10,18,17,0,10,0,0,0
C19H21O9,19,21,0,9,0,0,0
C16H25O11,16,25,0,11,0,0,0
C20H25O8,20,25,0,8,0,0,0
C28H25O2,28,25,0,2,0,0,0
C24H28NO4,24,28,1,4,0,0,0
C18H36NO6S,18,36,1,6,0,1,0
C18H19O10,18,19,0,10,0,0,0
C19H23O9,19,23,0,9,0,0,0
C20H27O8,20,27,0,8,0,0,0
C24H27O5,24,27,0,5,0,0,0
C18H35O7S,18,35,0,7,0,1,0
C23H39O3S,23,39,0,3,0,1,0
C18H26N3O7,18,26,3,7,0,0,0
C24H30NO4,24,30,1,4,0,0,0
C18H21O10,18,21,0,10,0,0,0
C19H25O9,19,25,0,9,0,0,0
C18H25N2O8,18,25,2,8,0,0,0
C20H29O8,20,29,0,8,0,0,0
C19H29N2O7,19,29,2,7,0,0,0
C18H37O7S,18,37,0,7,0,1,0
C21H19O8,21,19,0,8,0,0,0
C14H23O13,14,23,0,13,0,0,0
C22H23O5S,22,23,0,5,0,1,0
C18H23O10,18,23,0,10,0,0,0
C19H27O7S,19,27,0,7,0,1,0
C19H27O9,19,27,0,9,0,0,0
C16H31O9S,16,31,0,9,0,1,0
C22H27N2O5,22,27,2,5,0,0,0
C20H31O8,20,31,0,8,0,0,0
C23H31N2O4,23,31,2,4,0,0,0
C21H35O7,21,35,0,7,0,0,0
C16H18NO11,16,18,1,11,0,0,0
C24H18NO5,24,18,1,5,0,0,0
C20H38N3O5,20,38,3,5,0,0,0
C20H17O9,20,17,0,9,0,0,0
C21H21O8,21,21,0,8,0,0,0
C15H29O10S,15,29,0,10,0,1,0
C22H25O7,22,25,0,7,0,0,0
C19H29O9,19,29,0,9,0,0,0
C22H32N3O4,22,32,3,4,0,0,0
C27H15O2S,27,15,0,2,0,1,0
C24H19O4S,24,19,0,4,0,1,0
C20H19O9,20,19,0,9,0,0,0
C21H23O8,21,23,0,8,0,0,0
C18H27O10,18,27,0,10,0,0,0
C22H27O7,22,27,0,7,0,0,0
C19H31O9,19,31,0,9,0,0,0
C21H13N2O7,21,13,2,7,0,0,0
C24H21O4S,24,21,0,4,0,1,0
C21H25O8,21,25,0,8,0,0,0
C18H29O10,18,29,0,10,0,0,0
C19H33O9,19,33,0,9,0,0,0
C22H33N2O5,22,33,2,5,0,0,0
C26H15O3S,26,15,0,3,0,1,0
C20H23O9,20,23,0,9,0,0,0
C21H27O8,21,27,0,8,0,0,0
C25H27O5,25,27,0,5,0,0,0
C25H31N2O3,25,31,2,3,0,0,0
C16H26NO11,16,26,1,11,0,0,0
C19H21O10,19,21,0,10,0,0,0
C20H25O9,20,25,0,9,0,0,0
C21H29O8,21,29,0,8,0,0,0
C30H33O,30,33,0,1,0,0,0
C24H28NO5,24,28,1,5,0,0,0
C19H23O10,19,23,0,10,0,0,0
C20H27O9,20,27,0,9,0,0,0
C23H27N2O5,23,27,2,5,0,0,0
C30H22NO,30,22,1,1,0,0,0
C18H26N3O8,18,26,3,8,0,0,0
C24H30NO5,24,30,1,5,0,0,0
C22H21O8,22,21,0,8,0,0,0
C19H25O10,19,25,0,10,0,0,0
C22H28N3O5,22,28,3,5,0,0,0
C27H32N3O,27,32,3,1,0,0,0
C15H15N2O10S,15,15,2,10,0,1,0
C21H19O9,21,19,0,9,0,0,0
C19H27O10,19,27,0,10,0,0,0
C16H31O10S,16,31,0,10,0,1,0
C20H31O9,20,31,0,9,0,0,0
C24H31O6,24,31,0,6,0,0,0
C22H30N3O5,22,30,3,5,0,0,0
C20H17O10,20,17,0,10,0,0,0
C13H21O15,13,21,0,15,0,0,0
C21H21O9,21,21,0,9,0,0,0
C22H25O8,22,25,0,8,0,0,0
C19H29O10,19,29,0,10,0,0,0
C20H33O9,20,33,0,9,0,0,0
C16H19O13,16,19,0,13,0,0,0
C15H19N2O12,15,19,2,12,0,0,0
C24H19O5S,24,19,0,5,0,1,0
C21H23O9,21,23,0,9,0,0,0
C29H23OS,29,23,0,1,0,1,0
C18H27O11,18,27,0,11,0,0,0
C22H27O8,22,27,0,8,0,0,0
C19H31O10,19,31,0,10,0,0,0
C26H31N2O3,26,31,2,3,0,0,0
C27H17O3S,27,17,0,3,0,1,0
C21H25O9,21,25,0,9,0,0,0
C18H29O11,18,29,0,11,0,0,0
C22H29O8,22,29,0,8,0,0,0
C20H37O7S,20,37,0,7,0,1,0
C22H33N2O6,22,33,2,6,0,0,0
C28H7O5,28,7,0,5,0,0,0
C20H23O10,20,23,0,10,0,0,0
C21H27O9,21,27,0,9,0,0,0
C26H17O4S,26,17,0,4,0,1,0
C20H25O10,20,25,0,10,0,0,0
C21H29O9,21,29,0,9,0,0,0
C20H41O7S,20,41,0,7,0,1,0
C19H23O11,19,23,0,11,0,0,0
C23H23O8,23,23,0,8,0,0,0
C20H27O10,20,27,0,10,0,0,0
C20H31N2O8,20,31,2,8,0,0,0
C24H30NO6,24,30,1,6,0,0,0
C23H25O8,23,25,0,8,0,0,0
C20H29O10,20,29,0,10,0,0,0
C23H29N2O6,23,29,2,6,0,0,0
C25H8N3O5,25,8,3,5,0,0,0
C18H28N3O9,18,28,3,9,0,0,0
C18H23O12,18,23,0,12,0,0,0
C19H27O11,19,27,0,11,0,0,0
C23H27O8,23,27,0,8,0,0,0
C20H31O10,20,31,0,10,0,0,0
C21H35O9,21,35,0,9,0,0,0
C21H21O10,21,21,0,10,0,0,0
C18H25O12,18,25,0,12,0,0,0
C22H25O9,22,25,0,9,0,0,0
C23H29O8,23,29,0,8,0,0,0
C20H33O10,20,33,0,10,0,0,0
C27H15O4S,27,15,0,4,0,1,0
C23H19N2O5S,23,19,2,5,0,1,0
C21H23O10,21,23,0,10,0,0,0
C18H27O12,18,27,0,12,0,0,0
C22H27O9,22,27,0,9,0,0,0
C22H31N2O7,22,31,2,7,0,0,0
C26H14NO4S,26,14,1,4,0,1,0
C25H42NO3S,25,42,1,3,0,1,0
C21H25O10,21,25,0,10,0,0,0
C22H29O9,22,29,0,9,0,0,0
C18H33N2O8S,18,33,2,8,0,1,0
C22H33N2O7,22,33,2,7,0,0,0
C25H41O6,25,41,0,6,0,0,0
C26H15O5S,26,15,0,5,0,1,0
C20H23O11,20,23,0,11,0,0,0
C21H27O10,21,27,0,10,0,0,0
C22H31O9,22,31,0,9,0,0,0
C25H31N2O5,25,31,2,5,0,0,0
C23H21O9,23,21,0,9,0,0,0
C20H25O11,20,25,0,11,0,0,0
C17H29O11S,17,29,0,11,0,1,0
C21H29O10,21,29,0,10,0,0,0
C20H41O8S,20,41,0,8,0,1,0
C24H28NO7,24,28,1,7,0,0,0
C21H32NO9,21,32,1,9,0,0,0
C16H27O12S,16,27,0,12,0,1,0
C27H23O4S,27,23,0,4,0,1,0
C23H23O9,23,23,0,9,0,0,0
C20H27O11,20,27,0,11,0,0,0
C21H31O10,21,31,0,10,0,0,0
C25H22N3O3S,25,22,3,3,0,1,0
C23H26NO8,23,26,1,8,0,0,0
C19H13N2O11,19,13,2,11,0,0,0
C20H29O11,20,29,0,11,0,0,0
C21H33O10,21,33,0,10,0,0,0
C22H37O9,22,37,0,9,0,0,0
C22H23O10,22,23,0,10,0,0,0
C19H27O12,19,27,0,12,0,0,0
C23H27O9,23,27,0,9,0,0,0
C20H31O11,20,31,0,11,0,0,0
C21H35O10,21,35,0,10,0,0,0
C22H25O10,22,25,0,10,0,0,0
C19H29O12,19,29,0,12,0,0,0
C26H29N2O5,26,29,2,5,0,0,0
C24H20NO6S,24,20,1,6,0,1,0
C21H23O11,21,23,0,11,0,0,0
C22H27O10,22,27,0,10,0,0,0
C19H31O12,19,31,0,12,0,0,0
C23H31O9,23,31,0,9,0,0,0
C21H25O11,21,25,0,11,0,0,0
C22H29O10,22,29,0,10,0,0,0
C30H29O2S,30,29,0,2,0,1,0
C23H33O9,23,33,0,9,0,0,0
C14H16NO16,14,16,1,16,0,0,0
C20H23O12,20,23,0,12,0,0,0
C21H27O11,21,27,0,11,0,0,0
C29H27O5,29,27,0,5,0,0,0
C22H31O10,22,31,0,10,0,0,0
C23H35O9,23,35,0,9,0,0,0
C26H35N2O5,26,35,2,5,0,0,0
C21H30NO10,21,30,1,10,0,0,0
C24H25O7S,24,25,0,7,0,1,0
C24H25O9,24,25,0,9,0,0,0
C21H29O11,21,29,0,11,0,0,0
C22H33O10,22,33,0,10,0,0,0
C25H33N2O6,25,33,2,6,0,0,0
C30H33O4,30,33,0,4,0,0,0
C22H19O11,22,19,0,11,0,0,0
C19H23O11S,19,23,0,11,0,1,0
C23H23O10,23,23,0,10,0,0,0
C21H31O11,21,31,0,11,0,0,0
C22H35O10,22,35,0,10,0,0,0
C15H30N3O11S,15,30,3,11,0,1,0
C22H21O11,22,21,0,11,0,0,0
C24H33N2O7,24,33,2,7,0,0,0
C22H37O10,22,37,0,10,0,0,0
C17H4NO13S,17,4,1,13,0,1,0
C18H23O12S,18,23,0,12,0,1,0
C29H19O4S,29,19,0,4,0,1,0
C29H19O6,29,19,0,6,0,0,0
C23H27O10,23,27,0,10,0,0,0
C20H31O12,20,31,0,12,0,0,0
C24H35N2O7,24,35,2,7,0,0,0
C22H25O11,22,25,0,11,0,0,0
C23H29O10,23,29,0,10,0,0,0
C21H23O12,21,23,0,12,0,0,0
C22H27O11,22,27,0,11,0,0,0
C23H31O10,23,31,0,10,0,0,0
C27H35N2O5,27,35,2,5,0,0,0
C26H13O7S,26,13,0,7,0,1,0
C22H29O11,22,29,0,11,0,0,0
C27H37N2O5,27,37,2,5,0,0,0
C22H45O8S,22,45,0,8,0,1,0
C24H23O10,24,23,0,10,0,0,0
C21H27O12,21,27,0,12,0,0,0
C25H27O9,25,27,0,9,0,0,0
C22H31O11,22,31,0,11,0,0,0
C25H31N2O7,25,31,2,7,0,0,0
C23H35O10,23,35,0,10,0,0,0
C26H35N2O6,26,35,2,6,0,0,0
C23H21O11,23,21,0,11,0,0,0
C24H25O10,24,25,0,10,0,0,0
C32H25O2S,32,25,0,2,0,1,0
C23H37O10,23,37,0,10,0,0,0
C37H15O,37,15,0,1,0,0,0
C23H23O11,23,23,0,11,0,0,0
C24H27O10,24,27,0,10,0,0,0
C21H31O12,21,31,0,12,0,0,0
C22H35O11,22,35,0,11,0,0,0
C21H38N3O7S,21,38,3,7,0,1,0
C25H17O8S,25,17,0,8,0,1,0
C26H21O7S,26,21,0,7,0,1,0
C23H25O11,23,25,0,11,0,0,0
C21H33O10S,21,33,0,10,0,1,0
C25H33O9,25,33,0,9,0,0,0
C28H15O8,28,15,0,8,0,0,0
C22H23O12,22,23,0,12,0,0,0
C23H27O11,23,27,0,11,0,0,0
C24H31O10,24,31,0,10,0,0,0
C26H39O8,26,39,0,8,0,0,0
C20H34NO12,20,34,1,12,0,0,0
C22H25O12,22,25,0,12,0,0,0
C23H29O11,23,29,0,11,0,0,0
C26H29N2O7,26,29,2,7,0,0,0
C24H33O10,24,33,0,10,0,0,0
C31H15O4S,31,15,0,4,0,1,0
C22H27O12,22,27,0,12,0,0,0
C23H31O11,23,31,0,11,0,0,0
C26H31N2O7,26,31,2,7,0,0,0
C24H35O10,24,35,0,10,0,0,0
C27H35N2O6,27,35,2,6,0,0,0
C28H22NO7,28,22,1,7,0,0,0
C25H25O10,25,25,0,10,0,0,0
C18H29O15,18,29,0,15,0,0,0
C26H29O7S,26,29,0,7,0,1,0
C22H29O12,22,29,0,12,0,0,0
C23H33O11,23,33,0,11,0,0,0
C22H45O9S,22,45,0,9,0,1,0
C24H23O11,24,23,0,11,0,0,0
C27H23N2O5S,27,23,2,5,0,1,0
C25H27O10,25,27,0,10,0,0,0
C24H39O10,24,39,0,10,0,0,0
C23H21O12,23,21,0,12,0,0,0
C24H25O11,24,25,0,11,0,0,0
C27H25N2O5S,27,25,2,5,0,1,0
C22H33O12,22,33,0,12,0,0,0
C24H41O10,24,41,0,10,0,0,0
C23H23O12,23,23,0,12,0,0,0
C24H27O11,24,27,0,11,0,0,0
C25H31O10,25,31,0,10,0,0,0
C23H39O9S,23,39,0,9,0,1,0
C23H39O11,23,39,0,11,0,0,0
C15H13N2O15S,15,13,2,15,0,1,0
C25H33O10,25,33,0,10,0,0,0
C18H37O15,18,37,0,15,0,0,0
C22H37O12,22,37,0,12,0,0,0
C29H53N2O2S,29,53,2,2,0,1,0
C23H27O12,23,27,0,12,0,0,0
C24H31O11,24,31,0,11,0,0,0
C24H33O11,24,33,0,11,0,0,0
C33H24NO4,33,24,1,4,0,0,0
C19H36N3O12,19,36,3,12,0,0,0
C17H7O16S,17,7,0,16,0,1,0
C23H31O12,23,31,0,12,0,0,0
C24H35O11,24,35,0,11,0,0,0
C25H39O10,25,39,0,10,0,0,0
C39H17O,39,17,0,1,0,0,0
C25H25O11,25,25,0,11,0,0,0
C24H24NO11,24,24,1,11,0,0,0
C24H23O12,24,23,0,12,0,0,0
C35H19O4,35,19,0,4,0,0,0
C32H23O6,32,23,0,6,0,0,0
C24H27N2O10,24,27,2,10,0,0,0
C22H31O13,22,31,0,13,0,0,0
C24H39O11,24,39,0,11,0,0,0
C28H25O7S,28,25,0,7,0,1,0
C25H29O11,25,29,0,11,0,0,0
C26H33O10,26,33,0,10,0,0,0
C24H27O10S,24,27,0,10,0,1,0
C25H31O11,25,31,0,11,0,0,0
C26H35O10,26,35,0,10,0,0,0
C28H43O8,28,43,0,8,0,0,0
C20H30NO12S,20,30,1,12,0,1,0
C18H9N2O16,18,9,2,16,0,0,0
C30H21O6S,30,21,0,6,0,1,0
C24H29O12,24,29,0,12,0,0,0
C25H33O11,25,33,0,11,0,0,0
C28H33N2O5S,28,33,2,5,0,1,0
C26H37O10,26,37,0,10,0,0,0
C30H23O6S,30,23,0,6,0,1,0
C24H31O12,24,31,0,12,0,0,0
C25H35O11,25,35,0,11,0,0,0
C24H35N2O10,24,35,2,10,0,0,0
C27H29O10,27,29,0,10,0,0,0
C24H33O12,24,33,0,12,0,0,0
C28H37N2O7,28,37,2,7,0,0,0
C24H49O9S,24,49,0,9,0,1,0
C35H49N2O,35,49,2,1,0,0,0
C25H23O12,25,23,0,12,0,0,0
C31H31O5S,31,31,0,5,0,1,0
C25H39O11,25,39,0,11,0,0,0
C32H42N3O3,32,42,3,3,0,0,0
C29H25O7S,29,25,0,7,0,1,0
C25H25O12,25,25,0,12,0,0,0
C26H29O11,26,29,0,11,0,0,0
C35H33O2S,35,33,0,2,0,1,0
C24H37O12,24,37,0,12,0,0,0
C26H36N3O8,26,36,3,8,0,0,0
C29H48N3O5,29,48,3,5,0,0,0
C20H11N2O15,20,11,2,15,0,0,0
C24H23O13,24,23,0,13,0,0,0
C29H27O7S,29,27,0,7,0,1,0
C25H27O12,25,27,0,12,0,0,0
C32H43N2O2S,32,43,2,2,0,1,0
C41H13O,41,13,0,1,0,0,0
C25H29O12,25,29,0,12,0,0,0
C26H35O11,26,35,0,11,0,0,0
C30H21O7S,30,21,0,7,0,1,0
C25H33O12,25,33,0,12,0,0,0
C23H31N2O10S,23,31,2,10,0,1,0
C24H31O13,24,31,0,13,0,0,0
C28H35N2O8,28,35,2,8,0,0,0
C26H39O11,26,39,0,11,0,0,0
C22H26NO12S,22,26,1,12,0,1,0
C36H34NOS,36,34,1,1,0,1,0
C41H21O,41,21,0,1,0,0,0
C27H29O11,27,29,0,11,0,0,0
C28H33O10,28,33,0,10,0,0,0
C25H37O12,25,37,0,12,0,0,0
C26H41O9S,26,41,0,9,0,1,0
C26H27O12,26,27,0,12,0,0,0
C27H31O11,27,31,0,11,0,0,0
C25H39O12,25,39,0,12,0,0,0
C31H47O7,31,47,0,7,0,0,0
C24H38NO12,24,38,1,12,0,0,0
C32H21O6S,32,21,0,6,0,1,0
C26H29O12,26,29,0,12,0,0,0
C26H33N2O10,26,33,2,10,0,0,0
C32H44N3O4,32,44,3,4,0,0,0
C24H23O14,24,23,0,14,0,0,0
C26H31O12,26,31,0,12,0,0,0
C27H35O11,27,35,0,11,0,0,0
C38H31O3,38,31,0,3,0,0,0
C24H39O13,24,39,0,13,0,0,0
C36H39O2S,36,39,0,2,0,1,0
C37H46NO2,37,46,1,2,0,0,0
C37H29O2S,37,29,0,2,0,1,0
C26H33O12,26,33,0,12,0,0,0
C22H23N2O14,22,23,2,14,0,0,0
C25H31O13,25,31,0,13,0,0,0
C26H35O12,26,35,0,12,0,0,0
C26H39N2O10,26,39,2,10,0,0,0
C33H22N3O5,33,22,3,5,0,0,0
C31H9O8S,31,9,0,8,0,1,0
C43H9O,43,9,0,1,0,0,0
C33H17O6S,33,17,0,6,0,1,0
C34H21O5S,34,21,0,5,0,1,0
C24H29O14,24,29,0,14,0,0,0
C25H33O13,25,33,0,13,0,0,0
C26H37O12,26,37,0,12,0,0,0
C34H69O4,34,69,0,4,0,0,0
C18H24NO18,18,24,1,18,0,0,0
C28H31O11,28,31,0,11,0,0,0
C25H35O13,25,35,0,13,0,0,0
C28H35N2O9,28,35,2,9,0,0,0
C27H43O9S,27,43,0,9,0,1,0
C23H43O14,23,43,0,14,0,0,0
C29H39N2O8,29,39,2,8,0,0,0
C27H29O12,27,29,0,12,0,0,0
C25H37O13,25,37,0,13,0,0,0
C29H37O10,29,37,0,10,0,0,0
C28H37N2O9,28,37,2,9,0,0,0
C26H41O12,26,41,0,12,0,0,0
C26H27O13,26,27,0,13,0,0,0
C28H35O11,28,35,0,11,0,0,0
C25H39O13,25,39,0,13,0,0,0
C24H22NO12S,24,22,1,12,0,1,0
C43H17O,43,17,0,1,0,0,0
C27H33O12,27,33,0,12,0,0,0
C26H45O10S,26,45,0,10,0,1,0
C28H41N2O9,28,41,2,9,0,0,0
C35H21O5S,35,21,0,5,0,1,0
C32H25O7S,32,25,0,7,0,1,0
C26H33O13,26,33,0,13,0,0,0
C38H33O4,38,33,0,4,0,0,0
C30H37N2O8,30,37,2,8,0,0,0
C37H48NO3,37,48,1,3,0,0,0
C29H31O11,29,31,0,11,0,0,0
C26H35O13,26,35,0,13,0,0,0
C29H35N2O9,29,35,2,9,0,0,0
C34H38NO4S,34,38,1,4,0,1,0
C24H17N2O14,24,17,2,14,0,0,0
C27H25O13,27,25,0,13,0,0,0
C25H33O14,25,33,0,14,0,0,0
C26H37O13,26,37,0,13,0,0,0
C29H37N2O9,29,37,2,9,0,0,0
C28H45O9S,28,45,0,9,0,1,0
C28H31O12,28,31,0,12,0,0,0
C23H47N2O11S,23,47,2,11,0,1,0
C38H26NO2S,38,26,1,2,0,1,0
C27H29O13,27,29,0,13,0,0,0
C28H33O12,28,33,0,12,0,0,0
C26H41O11S,26,41,0,11,0,1,0
C28H37N2O10,28,37,2,10,0,0,0
C26H41O13,26,41,0,13,0,0,0
C19H19N2O18,19,19,2,18,0,0,0
C27H31O13,27,31,0,13,0,0,0
C29H39O9S,29,39,0,9,0,1,0
C26H43O13,26,43,0,13,0,0,0
C36H55N2O3,36,55,2,3,0,0,0
C36H22NO4S,36,22,1,4,0,1,0
C21H30N3O13S,21,30,3,13,0,1,0
C26H29O14,26,29,0,14,0,0,0
C27H33O13,27,33,0,13,0,0,0
C28H37O12,28,37,0,12,0,0,0
C30H32NO8S,30,32,1,8,0,1,0
C30H48NO9,30,48,1,9,0,0,0
C40H11N2O3,40,11,2,3,0,0,0
C27H35O13,27,35,0,13,0,0,0
C30H35N2O9,30,35,2,9,0,0,0
C22H18NO15S,22,18,1,15,0,1,0
C45H13O,45,13,0,1,0,0,0
C26H33O14,26,33,0,14,0,0,0
C30H37N2O9,30,37,2,9,0,0,0
C29H47O9S,29,47,0,9,0,1,0
C28H29O13,28,29,0,13,0,0,0
C29H37N2O10,29,37,2,10,0,0,0
C27H27O14,27,27,0,14,0,0,0
C28H31O13,28,31,0,13,0,0,0
C27H29O14,27,29,0,14,0,0,0
C42H25O3,42,25,0,3,0,0,0
C28H33O13,28,33,0,13,0,0,0
C29H37O12,29,37,0,12,0,0,0
C26H41O14,26,41,0,14,0,0,0
C28H35O13,28,35,0,13,0,0,0
C29H39O12,29,39,0,12,0,0,0
C43H17O3,43,17,0,3,0,0,0
C28H37O13,28,37,0,13,0,0,0
C28H41N2O11,28,41,2,11,0,0,0
C33H48N3O6,33,48,3,6,0,0,0
C29H31N2O11,29,31,2,11,0,0,0
C30H35N2O10,30,35,2,10,0,0,0
C28H39O13,28,39,0,13,0,0,0
C31H39N2O9,31,39,2,9,0,0,0
C30H33O12,30,33,0,12,0,0,0
C30H37N2O10,30,37,2,10,0,0,0
C28H41O13,28,41,0,13,0,0,0
C29H31O13,29,31,0,13,0,0,0
C30H35O12,30,35,0,12,0,0,0
C35H39O6S,35,39,0,6,0,1,0
C30H39N2O10,30,39,2,10,0,0,0
C21H38N3O16,21,38,3,16,0,0,0
C28H29O14,28,29,0,14,0,0,0
C42H23O4,42,23,0,4,0,0,0
C32H31O9S,32,31,0,9,0,1,0
C29H35O13,29,35,0,13,0,0,0
C28H22N3O12,28,22,3,12,0,0,0
C24H33O17,24,33,0,17,0,0,0
C28H33O14,28,33,0,14,0,0,0
C34H45N2O5S,34,45,2,5,0,1,0
C31H49N2O9,31,49,2,9,0,0,0
C28H37O14,28,37,0,14,0,0,0
C22H32NO18,22,32,1,18,0,0,0
C32H39O9S,32,39,0,9,0,1,0
C31H39N2O10,31,39,2,10,0,0,0
C28H43N2O12,28,43,2,12,0,0,0
C30H33O13,30,33,0,13,0,0,0
C30H37N2O11,30,37,2,11,0,0,0
C29H45O13,29,45,0,13,0,0,0
C24H48N3O14,24,48,3,14,0,0,0
C30H39N2O11,30,39,2,11,0,0,0
C36H29O9,36,29,0,9,0,0,0
C30H37O13,30,37,0,13,0,0,0
C45H19O3,45,19,0,3,0,0,0
C42H55O3,42,55,0,3,0,0,0
C33H53O10,33,53,0,10,0,0,0
C34H27O9S,34,27,0,9,0,1,0
C45H27O3,45,27,0,3,0,0,0
C42H47O4,42,47,0,4,0,0,0
C25H46NO16,25,46,1,16,0,0,0
C30H33O14,30,33,0,14,0,0,0
C28H41O15,28,41,0,15,0,0,0
C28H31N2O12S,28,31,2,12,0,1,0
C34H35O9S,34,35,0,9,0,1,0
C29H47O14,29,47,0,14,0,0,0
C40H30NO6,40,30,1,6,0,0,0
C31H41O13,31,41,0,13,0,0,0
C34H56NO9,34,56,1,9,0,0,0
C41H22NO6,41,22,1,6,0,0,0
C37H58NO5S,37,58,1,5,0,1,0
C27H5N2O15S,27,5,2,15,0,1,0
C31H53N2O9S,31,53,2,9,0,1,0
C43H49O4,43,49,0,4,0,0,0
C23H8N3O19,23,8,3,19,0,0,0
C28H11N2O16,28,11,2,16,0,0,0
C37H15N2O9,37,15,2,9,0,0,0
C40H55O4S,40,55,0,4,0,1,0
C47H23O3,47,23,0,3,0,0,0
C31H39O14,31,39,0,14,0,0,0
C32H43O11S,32,43,0,11,0,1,0
C30H37O15,30,37,0,15,0,0,0
C34H44N3O7S,34,44,3,7,0,1,0
C37H72N3O3S,37,72,3,3,0,1,0
C28H31O17,28,31,0,17,0,0,0
C36H31O9S,36,31,0,9,0,1,0
C31H43O14,31,43,0,14,0,0,0
C44H63OS,44,63,0,1,0,1,0
C39H79N2O4,39,79,2,4,0,0,0
C22H9O21S,22,9,0,21,0,1,0
C32H33O14,32,33,0,14,0,0,0
C30H41O15,30,41,0,15,0,0,0
C49H24NO,49,24,1,1,0,0,0
C30H47N2O13,30,47,2,13,0,0,0
C32H51O11S,32,51,0,11,0,1,0
C44H51O4,44,51,0,4,0,0,0
C30H45O15,30,45,0,15,0,0,0
C32H39O14,32,39,0,14,0,0,0
C44H71OS,44,71,0,1,0,1,0
C33H45O11S,33,45,0,11,0,1,0
C30H49O15,30,49,0,15,0,0,0
C45H64NO2,45,64,1,2,0,0,0
C22H35O22,22,35,0,22,0,0,0
C41H47O5S,41,47,0,5,0,1,0
C33H51N2O11,33,51,2,11,0,0,0
C31H41O15,31,41,0,15,0,0,0
C47H41O3,47,41,0,3,0,0,0
C43H44NO3S,43,44,1,3,0,1,0
C49H19O3,49,19,0,3,0,0,0
C32H47O14,32,47,0,14,0,0,0
C41H67O4S,41,67,0,4,0,1,0
C31H13O15S,31,13,0,15,0,1,0
C33H53O11S,33,53,0,11,0,1,0
C37H57N2O6S,37,57,2,6,0,1,0
C42H77N2OS,42,77,2,1,0,1,0
C38H27O9S,38,27,0,9,0,1,0
C33H39O14,33,39,0,14,0,0,0
C21H30N3O21,21,30,3,21,0,0,0
C20H38NO23,20,38,1,23,0,0,0
C32H37O15,32,37,0,15,0,0,0
C22H4N3O22,22,4,3,22,0,0,0
C22H16NO21S,22,16,1,21,0,1,0
C51H20NO,51,20,1,1,0,0,0
C34H47O11S,34,47,0,11,0,1,0
C32H41O15,32,41,0,15,0,0,0
C42H72N3O3,42,72,3,3,0,0,0
C30H7N2O15S,30,7,2,15,0,1,0
C32H43O15,32,43,0,15,0,0,0
C32H45O15,32,45,0,15,0,0,0
C27H31N2O18,27,31,2,18,0,0,0
C31H43O16,31,43,0,16,0,0,0
C51H15O3,51,15,0,3,0,0,0
C32H35O16,32,35,0,16,0,0,0
C34H47N2O12,34,47,2,12,0,0,0
C44H71N2O3,44,71,2,3,0,0,0
C35H49O11S,35,49,0,11,0,1,0
C33H12NO14S,33,12,1,14,0,1,0
C36H40NO12,36,40,1,12,0,0,0
C32H39O16,32,39,0,16,0,0,0
C37H47N2O10,37,47,2,10,0,0,0
C43H90N3O2,43,90,3,2,0,0,0
C31H25N2O16,31,25,2,16,0,0,0
C32H43O16,32,43,0,16,0,0,0
C36H47N2O11,36,47,2,11,0,0,0
C32H33N2O15,32,33,2,15,0,0,0
C33H49O15,33,49,0,15,0,0,0
C35H57O11S,35,57,0,11,0,1,0
C49H19O5,49,19,0,5,0,0,0
C34H41O15,34,41,0,15,0,0,0
C33H39O16,33,39,0,16,0,0,0
C36H51O11S,36,51,0,11,0,1,0
C26H34N3O19,26,34,3,19,0,0,0
C46H30NO4S,46,30,1,4,0,1,0
C33H43O16,33,43,0,16,0,0,0
C44H46N3O3S,44,46,3,3,0,1,0
C40H58NO7S,40,58,1,7,0,1,0
C36H41O14,36,41,0,14,0,0,0
C34H52NO12S,34,52,1,12,0,1,0
C32H13O19,32,13,0,19,0,0,0
C26H25N2O21,26,25,2,21,0,0,0
C36H49N2O12,36,49,2,12,0,0,0
C34H39O16,34,39,0,16,0,0,0
C44H67N2O5,44,67,2,5,0,0,0
C24H18NO22S,24,18,1,22,0,1,0
C35H45O13S,35,45,0,13,0,1,0
C37H53O11S,37,53,0,11,0,1,0
C45H89N2OS,45,89,2,1,0,1,0
C22H16N3O24,22,16,3,24,0,0,0
C24H26N3O22,24,26,3,22,0,0,0
C36H37O15,36,37,0,15,0,0,0
C40H39O10S,40,39,0,10,0,1,0
C24H43N2O22,24,43,2,22,0,0,0
C41H18N3O10,41,18,3,10,0,0,0
C33H62NO15,33,62,1,15,0,0,0
C39H37O11S,39,37,0,11,0,1,0
C34H49O16,34,49,0,16,0,0,0
C26H8N3O20S,26,8,3,20,0,1,0
C28H44NO20,28,44,1,20,0,0,0
C30H56N3O16,30,56,3,16,0,0,0
C36H47N2O13,36,47,2,13,0,0,0
C41H49O11,41,49,0,11,0,0,0
C47H82N3O2,47,82,3,2,0,0,0
C49H37O6,49,37,0,6,0,0,0
C39H31O14,39,31,0,14,0,0,0
C36H51O15,36,51,0,15,0,0,0
C40H37O11S,40,37,0,11,0,1,0
C37H44NO14,37,44,1,14,0,0,0
C54H20NO3,54,20,1,3,0,0,0
C46H36NO8,46,36,1,8,0,0,0
C38H19O16,38,19,0,16,0,0,0
C42H35O10S,42,35,0,10,0,1,0
C36H43O16,36,43,0,16,0,0,0
C34H6NO19,34,6,1,19,0,0,0
C26H54NO22,26,54,1,22,0,0,0
C41H33O11S,41,33,0,11,0,1,0
C42H12N3O9S,42,12,3,9,0,1,0
C48H17O9,48,17,0,9,0,0,0
C39H33N2O11S,39,33,2,11,0,1,0
C38H44NO14,38,44,1,14,0,0,0
C46H96N3OS,46,96,3,1,0,1,0
C25H9O25S,25,9,0,25,0,1,0
C36H53O16,36,53,0,16,0,0,0
C41H77N2O9,41,77,2,9,0,0,0
C36H12N3O14S,36,12,3,14,0,1,0
C49H50N3O4,49,50,3,4,0,0,0
C42H33O11S,42,33,0,11,0,1,0
C31H11N2O21,31,11,2,21,0,0,0
C57H33O2,57,33,0,2,0,0,0
C39H28NO13S,39,28,1,13,0,1,0
C38H39O16,38,39,0,16,0,0,0
C50H55O6,50,55,0,6,0,0,0
C44H63O8S,44,63,0,8,0,1,0
C41H9N2O12S,41,9,2,12,0,1,0
C42H41O11S,42,41,0,11,0,1,0
C35H31O19,35,31,0,19,0,0,0
C36H51O17,36,51,0,17,0,0,0
C53H75N2O,53,75,2,1,0,0,0
C51H65O5,51,65,0,5,0,0,0
C51H35O5S,51,35,0,5,0,1,0
C38H49O16,38,49,0,16,0,0,0
C37H49N2O15,37,49,2,15,0,0,0
C37H47O17,37,47,0,17,0,0,0
C25H4NO26S,25,4,1,26,0,1,0
C47H27O9S,47,27,0,9,0,1,0
C37H35O18,37,35,0,18,0,0,0
C51H59O6,51,59,0,6,0,0,0
C49H70NO6,49,70,1,6,0,0,0
C53H74N3O,53,74,3,1,0,0,0
C22H45N2O25S,22,45,2,25,0,1,0
C44H36NO10S,44,36,1,10,0,1,0
C40H35O16,40,35,0,16,0,0,0
C33H13N2O21,33,13,2,21,0,0,0
C44H37O11S,44,37,0,11,0,1,0
C47H65O9,47,65,0,9,0,0,0
C38H36N3O15,38,36,3,15,0,0,0
C35H39N2O18,35,39,2,18,0,0,0
C38H47O17,38,47,0,17,0,0,0
C44H55O10S,44,55,0,10,0,1,0
C31H54NO21,31,54,1,21,0,0,0
C34H20NO21,34,20,1,21,0,0,0
C45H31O13,45,31,0,13,0,0,0
C35H26NO20,35,26,1,20,0,0,0
C52H61O6,52,61,0,6,0,0,0
C52H77O5,52,77,0,5,0,0,0
C40H68N3O10S,40,68,3,10,0,1,0
C38H55O17,38,55,0,17,0,0,0
C44H79O9S,44,79,0,9,0,1,0
C33H38NO21,33,38,1,21,0,0,0
C59H32NO2,59,32,1,2,0,0,0
C50H18N3O8,50,18,3,8,0,0,0
C38H30NO18,38,30,1,18,0,0,0
C46H66N3O8,46,66,3,8,0,0,0
C57H25O5,57,25,0,5,0,0,0
C38H33N2O17,38,33,2,17,0,0,0
C48H59N2O6S,48,59,2,6,0,1,0
C55H21O7,55,21,0,7,0,0,0
C46H33O11S,46,33,0,11,0,1,0
C37H31O20,37,31,0,20,0,0,0
C44H75O12,44,75,0,12,0,0,0
C59H26NO3,59,26,1,3,0,0,0
C47H77N2O6S,47,77,2,6,0,1,0
C45H68NO11,45,68,1,11,0,0,0
C35H31N2O20,35,31,2,20,0,0,0
